FIRST_NAME,MIDDLE_NAME,LAST_NAME,GENDER,PREFIX,SUFFIX,EMAIL,PHONE,ADDRESS1,STREET,CITY,STATE_CODE,STATE,ZIP_CODE,ADDRESS2,COUNTRY,COUNTRY_CODE,CUSTOMER_ID,COMPANY,USER_LOGIN,USER_PASSWORD
Kenneth,C.,Oconnor,Male,Dr.,,kenneth.oconnor@gmail.com,465-513-4070x63337,"95678 Tiffany Point, Casefort, IA 50845",95678 Tiffany Point,Casefort,IA,Iowa,50845, ,United States,US,309349568646,Johnson PLC,oconnor_456,Td7lL){O_8VEKjR\;r%a
Robert,J.,Hampton,Male,Dr.,Jr.,robert.hampton@gmail.com,054-911-1595x967,"239 Melissa Passage Apt. 314, Halltown, MN 55047",239 Melissa Passage Apt. 314,Halltown,MN,Minnesota,55047, ,United States,US,502058490753,Tyler Inc,robert72461,mM3*JfS}oZY<~h/(\
Brandon,P.,Jackson,Male,Mr.,,brandon.jackson@gmail.com,9489295392,"281 Jonathan Walks Suite 978, Tammyport, TX 79318",281 Jonathan Walks Suite 978,Tammyport,TX,Texas,79318, ,United States,US,403309192231,Moore-Brown,brandonjackson_738,\;i|=$h)B>jXHEf(b9n1
Michael,N.,Ross,Male,,,michael.ross@gmail.com,755-460-5940x308,"202 Giles Fork, Port Joseph, UT 84545",202 Giles Fork,Port Joseph,UT,Utah,84545, ,United States,US,887258689445,"Moreno, Frey and Wagner",michael_37,ea/.%>!soiw4u
Tyler,A.,Duncan,Male,,,tyler.duncan@gmail.com,(548)237-0983,"8200 Farley Manors Suite 527, Perryland, MS 39293",8200 Farley Manors Suite 527,Perryland,MS,Mississippi,39293, ,United States,US,307790891671,Scott-Monroe,duncan_57,Z;9InQ{y}*x(&$mKW@
William,J.,Soto,Male,Dr.,,william.soto@gmail.com,(000)040-4887,"674 Hale Circle Apt. 060, Delgadoville, NV 89882",674 Hale Circle Apt. 060,Delgadoville,NV,Nevada,89882, ,United States,US,774712299738,"Griffith, Robbins and Houston",soto60,"CZ""HIPacXm@ue#kL"
Jose,K.,Carr,Male,Mr.,,jose.carr@gmail.com,+1-098-459-4279x24023,"7452 Reyes Plains, Fitzgeraldmouth, AL 36004",7452 Reyes Plains,Fitzgeraldmouth,AL,Alabama,36004, ,United States,US,741456380229,Morris LLC,josecarr16860,Ms9cNpK-*C
Rick,A.,Smith,Male,,,rick.smith@gmail.com,(938)066-1726x0069,"32395 Hamilton Terrace, Katiemouth, IA 51594",32395 Hamilton Terrace,Katiemouth,IA,Iowa,51594, ,United States,US,177986778946,Schneider-Lewis,smith9767,n^a6w`e-E9
Christopher,E.,Fry,Male,Dr.,DDS,christopher.fry@gmail.com,+1-298-828-3154,"156 Michelle Spring, Port Ryanchester, NH 03046",156 Michelle Spring,Port Ryanchester,NH,New Hampshire,03046, ,United States,US,267618611928,Stephenson-Brewer,fry551,"1Nj""&V<kq4WF_t"
Scott,V.,Gilbert,Male,,,scott.gilbert@gmail.com,607-377-9933x27041,"9473 Victoria Light, North Marciamouth, OK 73162",9473 Victoria Light,North Marciamouth,OK,Oklahoma,73162, ,United States,US,321540316790,Carlson Ltd,scottgilbert_1480,:H5d`1@pJ%E?LS\Fe;f6
Jacob,K.,Stout,Male,Dr.,,jacob.stout@gmail.com,001-786-259-9991,"476 Jodi Villages, Webbshire, WY 82276",476 Jodi Villages,Webbshire,WY,Wyoming,82276, ,United States,US,176649018356,Smith-Williams,jacobstout97,"<yRx=;h>a""GXc0-"
Jacob,K.,Jones,Male,Mr.,,jacob.jones@gmail.com,+1-372-094-3741,"2627 Morales Street, Boltonstad, MA 02010",2627 Morales Street,Boltonstad,MA,Massachusetts,02010, ,United States,US,741581584778,Schmidt-White,jacob_8807,"#2\jnkgU""fTsti"
Zachary,K.,Miller,Male,,,zachary.miller@gmail.com,009-849-1257x0279,"694 Castro Meadows, East Williamside, IN 47542",694 Castro Meadows,East Williamside,IN,Indiana,47542, ,United States,US,595546344115,Williams PLC,miller8240,"'""7dr.~!|}IH`;#^zj"
Shawn,T.,Lee,Male,Mr.,,shawn.lee@gmail.com,390-938-8848x370,"2145 Bright Cliffs Apt. 186, West Stephen, MS 39411",2145 Bright Cliffs Apt. 186,West Stephen,MS,Mississippi,39411, ,United States,US,590750103139,Lopez Inc,lee579,aL:HISz>?wxnG87e_%
Allen,S.,Berry,Male,,,allen.berry@gmail.com,621-774-8131x1473,"1589 Jodi Orchard Apt. 640, Michaelborough, MS 39387",1589 Jodi Orchard Apt. 640,Michaelborough,MS,Mississippi,39387, ,United States,US,672935533892,Butler LLC,allenberry76880,lgBYIi^m'>7t_
Paul,B.,Rodgers,Male,,,paul.rodgers@gmail.com,029-166-3935,"8357 Casey Trafficway Apt. 549, New Daniel, CA 94698",8357 Casey Trafficway Apt. 549,New Daniel,CA,California,94698, ,United States,US,357929321654,Gibbs LLC,paulrodgers_729,8V4XakH.zje2n$3~9N'>
Thomas,J.,Ross,Male,Mr.,,thomas.ross@gmail.com,150-053-2056x53966,"7664 Rodriguez Coves, Smithside, TN 37807",7664 Rodriguez Coves,Smithside,TN,Tennessee,37807, ,United States,US,372291509930,"Davenport, Clayton and Clark",ross_55,"4P*3%/J-fS,\VzQ=2G5"
Michael,R.,Armstrong,Male,Mr.,,michael.armstrong@gmail.com,799.760.3310,"740 Lam Manor Apt. 412, Lake Erikaview, KS 66192",740 Lam Manor Apt. 412,Lake Erikaview,KS,Kansas,66192, ,United States,US,320810741629,"Rodriguez, Berg and Peterson",michaelarmstrong_603,"""}C.Jvy^PVFA"
Christopher,D.,Howe,Male,,,christopher.howe@gmail.com,+1-049-180-4756x0511,"841 Ashley Points Apt. 874, South Nancy, DE 19734",841 Ashley Points Apt. 874,South Nancy,DE,Delaware,19734, ,United States,US,140061428006,Hale-Coleman,christopherhowe839,:/oh%R4lN$u~f
Michael,J.,Williams,Male,Dr.,DDS,michael.williams@gmail.com,(790)159-1785x4179,"28291 Kenneth Fall Apt. 477, Hessfort, AR 71784",28291 Kenneth Fall Apt. 477,Hessfort,AR,Arkansas,71784, ,United States,US,967752257576,Cordova LLC,williams_30,IO$)&kgA5RZP#J;W<_@
