FIRST_NAME,MIDDLE_NAME,LAST_NAME,GENDER,PREFIX,SUFFIX,EMAIL,PHONE,ADDRESS1,STREET,CITY,STATE_CODE,STATE,ZIP_CODE,ADDRESS2,COUNTRY,COUNTRY_CODE,CUSTOMER_ID,COMPANY,USER_LOGIN,USER_PASSWORD
John,C.,Marsh,Male,Mr.,,john.marsh@gmail.com,928.119.5320,"246 Cervantes Mission Suite 282, Paulside, RI 02841",246 Cervantes Mission Suite 282,Paulside,RI,Rhode Island,02841, ,United States,US,525994797346,Hill-Berry,john1775,")'L+Ry`JDk0|UV<W"""
Jacob,S.,Clarke,Male,Mr.,,jacob.clarke@gmail.com,(077)055-7351x848,"100 Peters Brook, North Franciscochester, IL 61306",100 Peters Brook,North Franciscochester,IL,Illinois,61306, ,United States,US,738099823659,Swanson-Hendrix,jacobclarke_67,"06f\:JP""p?Um[@%2Gw"
Benjamin,J.,Stanley,Male,Dr.,,benjamin.stanley@gmail.com,001-250-432-9339x9495,"21239 Sheryl Gardens Apt. 211, East Sarah, DC 20019",21239 Sheryl Gardens Apt. 211,East Sarah,DC,Dist. of Columbia,20019, ,United States,US,199351488525,Crawford-Davis,stanley_158,"VP%H2$]""Wd,oJm"
Michael,S.,Wade,Male,Mr.,,michael.wade@gmail.com,+1-556-831-3631x678,"152 Cynthia Mission, North Tara, CT 06104",152 Cynthia Mission,North Tara,CT,Connecticut,06104, ,United States,US,922836122056,Williams-Henson,michaelwade_466,"iSXxq?NP""j7"
Eric,V.,Thompson,Male,Mr.,,eric.thompson@gmail.com,001-045-995-0191,"7392 Lisa Viaduct Apt. 171, New Laura, DE 19951",7392 Lisa Viaduct Apt. 171,New Laura,DE,Delaware,19951, ,United States,US,375696757226,Chavez Inc,ericthompson_53,Xb+E<so8wq-z0HN{r@%W
Shane,J.,Arellano,Male,Mr.,,shane.arellano@gmail.com,695.979.6186x288,"50802 Jason Parkway, Davidmouth, NY 13196",50802 Jason Parkway,Davidmouth,NY,New York,13196, ,United States,US,271622373146,"Chavez, Rice and Garza",shane238,%S.e(dbI1Wy]@
William,K.,Williams,Male,,,william.williams@gmail.com,+1-436-982-2550x12525,"69142 Jared Skyway Apt. 677, Lake Walter, RI 02867",69142 Jared Skyway Apt. 677,Lake Walter,RI,Rhode Island,02867, ,United States,US,111407627091,"Williamson, Schultz and Martin",williamwilliams_39163,=`^wjvuc+_)FBHS#8U
Mark,C.,Robbins,Male,Dr.,,mark.robbins@gmail.com,001-851-952-4824x8544,"35258 Murphy Forge Suite 293, North Andreside, CO 81190",35258 Murphy Forge Suite 293,North Andreside,CO,Colorado,81190, ,United States,US,997292546500,Williams Ltd,markrobbins45,<kBLQ6pV?TIC'4._J
Daniel,J.,Tran,Male,Mr.,,daniel.tran@gmail.com,001-652-517-0751,"656 Irwin Fork Suite 429, Yatesmouth, ND 58456",656 Irwin Fork Suite 429,Yatesmouth,ND,North Dakota,58456, ,United States,US,708337595553,"Martinez, Harding and Thompson",daniel60767,umndE}ao?^ehkMl5
Christopher,K.,Blackburn,Male,,,christopher.blackburn@gmail.com,+1-076-000-8886,"19025 Jason Viaduct Apt. 893, Port Peter, AL 36527",19025 Jason Viaduct Apt. 893,Port Peter,AL,Alabama,36527, ,United States,US,203429057258,Jimenez-Graham,christopherblackburn_58,>+K^NX6@:Px
Ricky,L.,Schultz,Male,,,ricky.schultz@gmail.com,(248)051-4413,"04361 Jones Oval Suite 129, Patriciahaven, CA 96126",04361 Jones Oval Suite 129,Patriciahaven,CA,California,96126, ,United States,US,769703377135,"Diaz, Valdez and Gray",ricky15,=x:ZzJj[X)Vb#7|e.{
Joshua,K.,Harper,Male,,,joshua.harper@gmail.com,001-035-771-5020x1940,"9535 Jones Glen, Wagnerland, AL 36315",9535 Jones Glen,Wagnerland,AL,Alabama,36315, ,United States,US,599032609595,"Thomas, Collins and Daniel",joshuaharper58648,"Q7""JY[4)nk9W6M}2"
Lucas,K.,Brown,Male,Mr.,,lucas.brown@gmail.com,(150)830-1716x9967,"15791 Kyle Trail Apt. 868, North Christopher, GA 31190",15791 Kyle Trail Apt. 868,North Christopher,GA,Georgia,31190, ,United States,US,733552938229,Griffin-Cruz,lucasbrown_74020,{Rp`m]~O;<+F*.[G\Sg
William,A.,Patterson,Male,Dr.,,william.patterson@gmail.com,6633919878,"56448 Jose Forge, Harveyfort, NJ 07961",56448 Jose Forge,Harveyfort,NJ,New Jersey,07961, ,United States,US,780442957476,Flores LLC,patterson_74627,IUl*3g]<dDkjwF6X}
Kevin,L.,Fields,Male,Dr.,,kevin.fields@gmail.com,188.205.2942x037,"5728 Ortega Springs, South Marissa, CA 95611",5728 Ortega Springs,South Marissa,CA,California,95611, ,United States,US,891746762610,Bailey-Wise,kevinfields76,N#yEd.)Wr%2F0\
Justin,D.,Brown,Male,Mr.,DVM,justin.brown@gmail.com,780.056.5704x00212,"29019 James Centers, Priceborough, RI 02840",29019 James Centers,Priceborough,RI,Rhode Island,02840, ,United States,US,546985925316,Aguilar PLC,brown_92281,=v*9I$fGnJaRY
Christopher,V.,Ochoa,Male,,,christopher.ochoa@gmail.com,4113951356,"7502 Erica Mountain Suite 193, New Michael, TN 37233",7502 Erica Mountain Suite 193,New Michael,TN,Tennessee,37233, ,United States,US,880325896502,Coleman-Knox,christopher9896,x!N5J;[7sqBa4fQgjF
Jonathan,S.,Davis,Male,,,jonathan.davis@gmail.com,(185)707-3454x103,"20210 Simpson Burg Suite 103, Karashire, PA 17233",20210 Simpson Burg Suite 103,Karashire,PA,Pennsylvania,17233, ,United States,US,493530079582,"Hill, Eaton and French",jonathan54452,|]h%q?xYkjLgz
Bradley,T.,Martin,Male,Dr.,,bradley.martin@gmail.com,499-164-5449x519,"29286 Holly Mission Apt. 956, Jamesmouth, NE 68090",29286 Holly Mission Apt. 956,Jamesmouth,NE,Nebraska,68090, ,United States,US,991453869664,Ford and Sons,bradley_93184,`6-.Z5<O!XL~D}+@$p%
Edward,D.,Kelly,Male,Mr.,,edward.kelly@gmail.com,001-736-021-1095x530,"26945 Lozano Road Suite 317, Derekhaven, ID 83856",26945 Lozano Road Suite 317,Derekhaven,ID,Idaho,83856, ,United States,US,972632480100,Underwood-Le,edward44,R@2TV9)>Jwt;4`e/WfEM
Kevin,L.,Simpson,Male,,,kevin.simpson@gmail.com,630-026-7584x9327,"324 Santos Islands Suite 784, Marytown, SD 57371",324 Santos Islands Suite 784,Marytown,SD,South Dakota,57371, ,United States,US,625139400824,"Blanchard, Russell and Pitts",simpson60,\x_C>.ngi3e-OkF~?S
Johnny,J.,Flores,Male,Mr.,,johnny.flores@gmail.com,728-871-4069x165,"45261 Daniel Stream, West Garyshire, DE 19969",45261 Daniel Stream,West Garyshire,DE,Delaware,19969, ,United States,US,122717181924,"Rollins, Moore and Mitchell",johnny6752,/+LjCNw&J^B=b;d%|><o
